"idsArray","objectsArray__firstName","objectsArray__lastName","objectsArray__designation","objectsArray__associateId","objectsArray__location"
"1","Manojkumar","M","AssistantManager","290494","Chennai"
"2","Rajesh","M","AssistantManager","290294","Chennai"
"3","Kannan","M","AssistantManager","291494","Chennai"
"4","Anand","M","AssistantManager","290414","Chennai"
"5","Ramani","M","AssistantManager","290194","Chennai"
"6","Vignesh","M","AssistantManager","190494","Chennai"
"7","Santosh","M","AssistantManager","290694","Chennai"
"8","Sathya","M","AssistantManager","299494","Chennai"
"9","Sundar","M","AssistantManager","299494","Chennai"
"0","Madhavan","M","Manager","299194","Chennai"
